{"assets/bird.mp3":["assets/bird.mp3"],"assets/fonts/Lexend-Regular.ttf":["assets/fonts/Lexend-Regular.ttf"],"assets/images/add%20icon.png":["assets/images/add%20icon.png"],"assets/images/animal.jpg":["assets/images/animal.jpg"],"assets/images/animal1.jpg":["assets/images/animal1.jpg"],"assets/images/animal2.jpg":["assets/images/animal2.jpg"],"assets/images/animal3.jpg":["assets/images/animal3.jpg"],"assets/images/animal4.jpg":["assets/images/animal4.jpg"],"assets/images/animal5.jpg":["assets/images/animal5.jpg"],"assets/images/animal6.jpg":["assets/images/animal6.jpg"],"assets/images/animal7.jpg":["assets/images/animal7.jpg"],"assets/images/app_icon.png":["assets/images/app_icon.png"],"assets/images/app_icon2.png":["assets/images/app_icon2.png"],"assets/images/app_icon3.png":["assets/images/app_icon3.png"],"assets/images/card1.png":["assets/images/card1.png"],"assets/images/card_img_0.png":["assets/images/card_img_0.png"],"assets/images/card_img_1.png":["assets/images/card_img_1.png"],"assets/images/card_img_2.png":["assets/images/card_img_2.png"],"assets/images/card_img_3.png":["assets/images/card_img_3.png"],"assets/images/card_img_4.png":["assets/images/card_img_4.png"],"assets/images/card_new_img.jpg":["assets/images/card_new_img.jpg"],"assets/images/cards_dark.png":["assets/images/cards_dark.png"],"assets/images/cards_light.png":["assets/images/cards_light.png"],"assets/images/chat%20icon.png":["assets/images/chat%20icon.png"],"assets/images/dog.png":["assets/images/dog.png"],"assets/images/dog_placeholder.png":["assets/images/dog_placeholder.png"],"assets/images/event_detail.png":["assets/images/event_detail.png"],"assets/images/fav.png":["assets/images/fav.png"],"assets/images/fb.jpg":["assets/images/fb.jpg"],"assets/images/flag1.png":["assets/images/flag1.png"],"assets/images/girl.jpg":["assets/images/girl.jpg"],"assets/images/gmap.png":["assets/images/gmap.png"],"assets/images/google_back.png":["assets/images/google_back.png"],"assets/images/heart.png":["assets/images/heart.png"],"assets/images/holder.png":["assets/images/holder.png"],"assets/images/i.png":["assets/images/i.png"],"assets/images/img.png":["assets/images/img.png"],"assets/images/img_circle_0.png":["assets/images/img_circle_0.png"],"assets/images/img_circle_1.png":["assets/images/img_circle_1.png"],"assets/images/img_circle_2.png":["assets/images/img_circle_2.png"],"assets/images/intro_dark.png":["assets/images/intro_dark.png"],"assets/images/intro_light.png":["assets/images/intro_light.png"],"assets/images/intro_new.png":["assets/images/intro_new.png"],"assets/images/intro_new_dark_1.jpg":["assets/images/intro_new_dark_1.jpg"],"assets/images/intro_new_remove_light.png":["assets/images/intro_new_remove_light.png"],"assets/images/loading_dark.png":["assets/images/loading_dark.png"],"assets/images/loading_light.png":["assets/images/loading_light.png"],"assets/images/logo_dark.png":["assets/images/logo_dark.png"],"assets/images/logo_light.png":["assets/images/logo_light.png"],"assets/images/loveSadDark.png":["assets/images/loveSadDark.png"],"assets/images/loveSadLight.png":["assets/images/loveSadLight.png"],"assets/images/master_remove.png":["assets/images/master_remove.png"],"assets/images/match_dark.png":["assets/images/match_dark.png"],"assets/images/match_light.png":["assets/images/match_light.png"],"assets/images/match_new_remove.png":["assets/images/match_new_remove.png"],"assets/images/msg_img.png":["assets/images/msg_img.png"],"assets/images/party.jpg":["assets/images/party.jpg"],"assets/images/pets_logo.png":["assets/images/pets_logo.png"],"assets/images/pets_logo2.png":["assets/images/pets_logo2.png"],"assets/images/plan_dating.png":["assets/images/plan_dating.png"],"assets/images/pro.jpg":["assets/images/pro.jpg"],"assets/images/prof_img.png":["assets/images/prof_img.png"],"assets/images/profile.png":["assets/images/profile.png"],"assets/images/profile_img_0.png":["assets/images/profile_img_0.png"],"assets/images/profile_img_1.png":["assets/images/profile_img_1.png"],"assets/images/profile_img_2.png":["assets/images/profile_img_2.png"],"assets/images/profile_img_3.png":["assets/images/profile_img_3.png"],"assets/images/sample1.jpg":["assets/images/sample1.jpg"],"assets/images/sample2.png":["assets/images/sample2.png"],"assets/images/sample3.png":["assets/images/sample3.png"],"assets/images/splash_dark.png":["assets/images/splash_dark.png"],"assets/images/splash_light.png":["assets/images/splash_light.png"],"assets/images/splash_new_dark.jpg":["assets/images/splash_new_dark.jpg"],"assets/images/splash_new_light.jpg":["assets/images/splash_new_light.jpg"],"assets/images/splashydog.png":["assets/images/splashydog.png"],"assets/images/start.png":["assets/images/start.png"],"assets/images/startCoversionDark.png":["assets/images/startCoversionDark.png"],"assets/images/startCoversionLight.png":["assets/images/startCoversionLight.png"],"assets/images/startDating.png":["assets/images/startDating.png"],"assets/images/start_dating_new.png":["assets/images/start_dating_new.png"],"assets/images/startdatingimg.png":["assets/images/startdatingimg.png"],"assets/images/subscription_dark.png":["assets/images/subscription_dark.png"],"assets/images/subscription_light.png":["assets/images/subscription_light.png"],"assets/images/swirl%20arrow.png":["assets/images/swirl%20arrow.png"],"assets/images/swirl%20arrow_light.png":["assets/images/swirl%20arrow_light.png"],"assets/images/text.png":["assets/images/text.png"],"assets/images/thumb_up.png":["assets/images/thumb_up.png"],"assets/images/thump_down.png":["assets/images/thump_down.png"],"assets/images/unmatch_dark.png":["assets/images/unmatch_dark.png"],"assets/images/unmatch_light.png":["assets/images/unmatch_light.png"],"assets/images/unmatch_new_remove.png":["assets/images/unmatch_new_remove.png"],"assets/images/video%20img_dark.png":["assets/images/video%20img_dark.png"],"assets/images/video%20img_light.png":["assets/images/video%20img_light.png"],"assets/images/videoCall.jpg":["assets/images/videoCall.jpg"],"assets/images/view1.png":["assets/images/view1.png"],"assets/images/view2.png":["assets/images/view2.png"],"assets/images/view3.png":["assets/images/view3.png"],"assets/images/viewPlanDark.png":["assets/images/viewPlanDark.png"],"assets/images/viewPlans.png":["assets/images/viewPlans.png"],"assets/images/viewPlans_remove.png":["assets/images/viewPlans_remove.png"],"assets/images/visa_remove.png":["assets/images/visa_remove.png"],"assets/images/womaan.jpg":["assets/images/womaan.jpg"],"packages/flutter_tindercard/assets/welcome0.png":["packages/flutter_tindercard/assets/welcome0.png"],"packages/flutter_tindercard/assets/welcome1.png":["packages/flutter_tindercard/assets/welcome1.png"],"packages/flutter_tindercard/assets/welcome2.png":["packages/flutter_tindercard/assets/welcome2.png"],"packages/font_awesome_flutter/lib/fonts/fa-brands-400.ttf":["packages/font_awesome_flutter/lib/fonts/fa-brands-400.ttf"],"packages/font_awesome_flutter/lib/fonts/fa-regular-400.ttf":["packages/font_awesome_flutter/lib/fonts/fa-regular-400.ttf"],"packages/font_awesome_flutter/lib/fonts/fa-solid-900.ttf":["packages/font_awesome_flutter/lib/fonts/fa-solid-900.ttf"],"packages/material_design_icons_flutter/lib/fonts/materialdesignicons-webfont.ttf":["packages/material_design_icons_flutter/lib/fonts/materialdesignicons-webfont.ttf"]}